gRNA_type,Target_gene,Position,Strand,Sequence,PAM,Specificity_score,Efficiency_score(Doench2016),Taken_from,gRNA_ID,Oligo_ordering[5'>3']
T cell receptor,ZAP70,97734538,-1,CATCGGCCGCGGTTTGTCTG,GGG,90.9,59.0,,Tcrlibrary_ZAP70_1,TGGAAAGGACGAAACACCGCATCGGCCGCGGTTTGTCTGGTTTTAGAGCTAGAAATAGCAAGTTAAAATAAGGC
T cell receptor,ZAP70,97734587,-1,GCTCCTCTGGGTCGCTGTAG,GGG,85.3,57.6,,Tcrlibrary_ZAP70_2,TGGAAAGGACGAAACACCGGCTCCTCTGGGTCGCTGTAGGTTTTAGAGCTAGAAATAGCAAGTTAAAATAAGGC
T cell receptor,ZAP70,97734543,1,TAACGTCCCCAGACAAACCG,CGG,85.0,72.0,,Tcrlibrary_ZAP70_3,TGGAAAGGACGAAACACCGTAACGTCCCCAGACAAACCGGTTTTAGAGCTAGAAATAGCAAGTTAAAATAAGGC
T cell receptor,LCK,32274784,1,GACCCACTGGTTACCTACGA,AGG,95.2,67.8,,Tcrlibrary_LCK_1,TGGAAAGGACGAAACACCGGACCCACTGGTTACCTACGAGTTTTAGAGCTAGAAATAGCAAGTTAAAATAAGGC
T cell receptor,LCK,32274798,1,CTACGAAGGCTCCAATCCGC,CGG,92.6,61.5,,Tcrlibrary_LCK_2,TGGAAAGGACGAAACACCGCTACGAAGGCTCCAATCCGCGTTTTAGAGCTAGAAATAGCAAGTTAAAATAAGGC
T cell receptor,LCK,32275033,1,AGCTATGAGCCCTCTCACGA,CGG,85.0,70.4,,Tcrlibrary_LCK_3,TGGAAAGGACGAAACACCGAGCTATGAGCCCTCTCACGAGTTTTAGAGCTAGAAATAGCAAGTTAAAATAAGGC
T cell receptor,LAT,28986428,1,ACCGGACGCCATCTTCCCGG,CGG,87.1,66.0,,Tcrlibrary_LAT_1,TGGAAAGGACGAAACACCGACCGGACGCCATCTTCCCGGGTTTTAGAGCTAGAAATAGCAAGTTAAAATAAGGC
T cell receptor,LAT,28985722,-1,ATCTGAGGATGTGCTGTCGT,AGG,79.1,63.6,,Tcrlibrary_LAT_2,TGGAAAGGACGAAACACCGATCTGAGGATGTGCTGTCGTGTTTTAGAGCTAGAAATAGCAAGTTAAAATAAGGC
T cell receptor,LAT,28985867,-1,CGTTTGAACTGGATGCCCCT,TGG,76.2,59.7,,Tcrlibrary_LAT_3,TGGAAAGGACGAAACACCGCGTTTGAACTGGATGCCCCTGTTTTAGAGCTAGAAATAGCAAGTTAAAATAAGGC
T cell receptor,DOK2,1365,-1,CATACAGTGAGGCGCCGAAG,CGG,94.6,69.8,,Tcrlibrary_DOK2_1,TGGAAAGGACGAAACACCGCATACAGTGAGGCGCCGAAGGTTTTAGAGCTAGAAATAGCAAGTTAAAATAAGGC
T cell receptor,DOK2,1441,-1,CGGGCAGCCTCACACCGACG,AGG,89.2,62.7,,Tcrlibrary_DOK2_2,TGGAAAGGACGAAACACCGCGGGCAGCCTCACACCGACGGTTTTAGAGCTAGAAATAGCAAGTTAAAATAAGGC
T cell receptor,DOK2,1397,1,TGGAGGGTCGGACTGCGCCT,TGG,87.6,51.2,,Tcrlibrary_DOK2_3,TGGAAAGGACGAAACACCGTGGAGGGTCGGACTGCGCCTGTTTTAGAGCTAGAAATAGCAAGTTAAAATAAGGC
T cell receptor,PTPN6,6954873,-1,CTCACGCACAAGAAACGTCC,AGG,92.3,51.6,,Tcrlibrary_PTPN6_1,TGGAAAGGACGAAACACCGCTCACGCACAAGAAACGTCCGTTTTAGAGCTAGAAATAGCAAGTTAAAATAAGGC
T cell receptor,PTPN6,6951697,-1,TCACCCTGGTTCTTGCGACT,GGG,90.1,57.6,,Tcrlibrary_PTPN6_2,TGGAAAGGACGAAACACCGTCACCCTGGTTCTTGCGACTGTTTTAGAGCTAGAAATAGCAAGTTAAAATAAGGC
T cell receptor,PTPN6,6952121,-1,GGTGGATGATGGTGCCGTCG,CGG,87.1,65.9,,Tcrlibrary_PTPN6_3,TGGAAAGGACGAAACACCGGGTGGATGATGGTGCCGTCGGTTTTAGAGCTAGAAATAGCAAGTTAAAATAAGGC
T cell receptor,PTPN11,112453331,1,TGCGCACTGGTGATGACAAA,GGG,74.6,47.5,,Tcrlibrary_PTPN11_1,TGGAAAGGACGAAACACCGTGCGCACTGGTGATGACAAAGTTTTAGAGCTAGAAATAGCAAGTTAAAATAAGGC
T cell receptor,PTPN11,112453371,-1,CTGACAGCGAATCATAACAT,GGG,69.7,68.5,,Tcrlibrary_PTPN11_2,TGGAAAGGACGAAACACCGCTGACAGCGAATCATAACATGTTTTAGAGCTAGAAATAGCAAGTTAAAATAAGGC
T cell receptor,PTPN11,112453318,1,TTTGTTCTTTCTGTGCGCAC,TGG,65.0,54.8,,Tcrlibrary_PTPN11_3,TGGAAAGGACGAAACACCGTTTGTTCTTTCTGTGCGCACGTTTTAGAGCTAGAAATAGCAAGTTAAAATAAGGC
T cell receptor,JUN,1317,-1,AAGGTCCGCTCTCGGACGGG,AGG,95.5,62.7,,Tcrlibrary_JUN_1,TGGAAAGGACGAAACACCGAAGGTCCGCTCTCGGACGGGGTTTTAGAGCTAGAAATAGCAAGTTAAAATAAGGC
T cell receptor,JUN,1419,-1,GGTCCGAGTTCTTGGCGCGG,AGG,92.8,67.5,,Tcrlibrary_JUN_2,TGGAAAGGACGAAACACCGGGTCCGAGTTCTTGGCGCGGGTTTTAGAGCTAGAAATAGCAAGTTAAAATAAGGC
T cell receptor,JUN,1762,-1,CTGAGGTTTGCGTAGACCGG,CGG,92.7,70.9,,Tcrlibrary_JUN_3,TGGAAAGGACGAAACACCGCTGAGGTTTGCGTAGACCGGGTTTTAGAGCTAGAAATAGCAAGTTAAAATAAGGC
T cell receptor,JUNB,12792110,1,CAGTACTTTTACCCCCGCGG,GGG,98.2,67.8,,Tcrlibrary_JUNB_1,TGGAAAGGACGAAACACCGCAGTACTTTTACCCCCGCGGGTTTTAGAGCTAGAAATAGCAAGTTAAAATAAGGC
T cell receptor,JUNB,12791912,-1,GCGCTTTGAGACTCCGGTAG,GGG,95.7,64.1,,Tcrlibrary_JUNB_2,TGGAAAGGACGAAACACCGGCGCTTTGAGACTCCGGTAGGTTTTAGAGCTAGAAATAGCAAGTTAAAATAAGGC
T cell receptor,JUNB,12791807,-1,TAGCTGTGTATGAGTCGTCG,TGG,95.3,68.6,,Tcrlibrary_JUNB_3,TGGAAAGGACGAAACACCGTAGCTGTGTATGAGTCGTCGGTTTTAGAGCTAGAAATAGCAAGTTAAAATAAGGC
T cell receptor,JUND,710,-1,GTTCGCGTAGACAGGCGCTT,CGG,95.4,56.2,,Tcrlibrary_JUND_1,TGGAAAGGACGAAACACCGGTTCGCGTAGACAGGCGCTTGTTTTAGAGCTAGAAATAGCAAGTTAAAATAAGGC
T cell receptor,JUND,491,-1,GAACTGTGAGCTCGTCGGCG,TGG,94.2,66.1,,Tcrlibrary_JUND_2,TGGAAAGGACGAAACACCGGAACTGTGAGCTCGTCGGCGGTTTTAGAGCTAGAAATAGCAAGTTAAAATAAGGC
T cell receptor,JUND,171,1,TACGGCGATGAGGCGCTGAG,CGG,93.1,70.6,,Tcrlibrary_JUND_3,TGGAAAGGACGAAACACCGTACGGCGATGAGGCGCTGAGGTTTTAGAGCTAGAAATAGCAAGTTAAAATAAGGC
T cell receptor,FOS,75279938,-1,CAGGTCCGGACTGGTCGAGA,TGG,89.4,61.0,,Tcrlibrary_FOS_1,TGGAAAGGACGAAACACCGCAGGTCCGGACTGGTCGAGAGTTTTAGAGCTAGAAATAGCAAGTTAAAATAAGGC
T cell receptor,FOS,75280023,-1,AGGGGGCGGGGACTCCGAAA,GGG,84.7,55.6,,Tcrlibrary_FOS_2,TGGAAAGGACGAAACACCGAGGGGGCGGGGACTCCGAAAGTTTTAGAGCTAGAAATAGCAAGTTAAAATAAGGC
T cell receptor,FOS,75280080,1,GGCGTTGTGAAGACCATGAC,AGG,81.1,54.3,,Tcrlibrary_FOS_3,TGGAAAGGACGAAACACCGGGCGTTGTGAAGACCATGACGTTTTAGAGCTAGAAATAGCAAGTTAAAATAAGGC
T cell receptor,EGR1,138466028,-1,GCTCGCCCGTGTCCGCCTGA,GGG,91.7,57.4,,Tcrlibrary_EGR1_1,TGGAAAGGACGAAACACCGGCTCGCCCGTGTCCGCCTGAGTTTTAGAGCTAGAAATAGCAAGTTAAAATAAGGC
T cell receptor,EGR1,138466843,-1,AAGCGGCCAGTATAGGTGAT,GGG,86.7,59.9,,Tcrlibrary_EGR1_2,TGGAAAGGACGAAACACCGAAGCGGCCAGTATAGGTGATGTTTTAGAGCTAGAAATAGCAAGTTAAAATAAGGC
T cell receptor,EGR1,138465821,-1,AGTGAGGAAAGGATCCGAAC,GGG,83.8,56.7,,Tcrlibrary_EGR1_3,TGGAAAGGACGAAACACCGAGTGAGGAAAGGATCCGAACGTTTTAGAGCTAGAAATAGCAAGTTAAAATAAGGC
T cell receptor,EGR2,103972,1,GGAGGACCTCGCCGCCACGT,CGG,93.9,67.2,,Tcrlibrary_EGR2_1,TGGAAAGGACGAAACACCGGGAGGACCTCGCCGCCACGTGTTTTAGAGCTAGAAATAGCAAGTTAAAATAAGGC
T cell receptor,EGR2,103975,-1,GGGAAAGATGGTCACCGACG,TGG,92.0,66.2,,Tcrlibrary_EGR2_2,TGGAAAGGACGAAACACCGGGGAAAGATGGTCACCGACGGTTTTAGAGCTAGAAATAGCAAGTTAAAATAAGGC
T cell receptor,EGR2,103951,1,GTCTGACAACATCTACCCGG,TGG,90.9,75.0,,Tcrlibrary_EGR2_3,TGGAAAGGACGAAACACCGGTCTGACAACATCTACCCGGGTTTTAGAGCTAGAAATAGCAAGTTAAAATAAGGC
T cell receptor,EGR3,1903,-1,AGGTCACGGTCTTGTTGCCG,GGG,90.8,62.2,,Tcrlibrary_EGR3_1,TGGAAAGGACGAAACACCGAGGTCACGGTCTTGTTGCCGGTTTTAGAGCTAGAAATAGCAAGTTAAAATAAGGC
T cell receptor,EGR3,1987,1,ATCATTAGCCTCATGAGCGC,CGG,88.3,57.3,,Tcrlibrary_EGR3_2,TGGAAAGGACGAAACACCGATCATTAGCCTCATGAGCGCGTTTTAGAGCTAGAAATAGCAAGTTAAAATAAGGC
T cell receptor,EGR3,1863,-1,GGAGTAAGAGAGTTCCGGGT,TGG,88.0,55.8,,Tcrlibrary_EGR3_3,TGGAAAGGACGAAACACCGGGAGTAAGAGAGTTCCGGGTGTTTTAGAGCTAGAAATAGCAAGTTAAAATAAGGC
T cell receptor,EGR4,423,-1,GGACTTGACGAGGAGCGCGT,CGG,94.1,61.6,,Tcrlibrary_EGR4_1,TGGAAAGGACGAAACACCGGGACTTGACGAGGAGCGCGTGTTTTAGAGCTAGAAATAGCAAGTTAAAATAAGGC
T cell receptor,EGR4,966,1,TGAACAGCTGCGGCGCAAGT,GGG,92.0,57.6,,Tcrlibrary_EGR4_2,TGGAAAGGACGAAACACCGTGAACAGCTGCGGCGCAAGTGTTTTAGAGCTAGAAATAGCAAGTTAAAATAAGGC
T cell receptor,EGR4,400,-1,GTTCGGAAAACTCGCTAAGG,TGG,90.7,62.6,,Tcrlibrary_EGR4_3,TGGAAAGGACGAAACACCGGTTCGGAAAACTCGCTAAGGGTTTTAGAGCTAGAAATAGCAAGTTAAAATAAGGC
T cell receptor,NFKB1,102537908,1,CCATCCCATGGTGGACTACC,TGG,86.1,48.3,,Tcrlibrary_NFKB1_1,TGGAAAGGACGAAACACCGCCATCCCATGGTGGACTACCGTTTTAGAGCTAGAAATAGCAAGTTAAAATAAGGC
T cell receptor,NFKB1,102567123,-1,TTACCCGACCACCATGTCCT,TGG,77.0,48.5,,Tcrlibrary_NFKB1_2,TGGAAAGGACGAAACACCGTTACCCGACCACCATGTCCTGTTTTAGAGCTAGAAATAGCAAGTTAAAATAAGGC
T cell receptor,NFKB1,102537946,1,GAACAAGAAGTCTTACCCTC,AGG,72.7,62.1,,Tcrlibrary_NFKB1_3,TGGAAAGGACGAAACACCGGAACAAGAAGTCTTACCCTCGTTTTAGAGCTAGAAATAGCAAGTTAAAATAAGGC
T cell receptor,NFKB2,102396742,1,AGAGGCTTCCGATTTCGATA,TGG,93.1,56.7,,Tcrlibrary_NFKB2_1,TGGAAAGGACGAAACACCGAGAGGCTTCCGATTTCGATAGTTTTAGAGCTAGAAATAGCAAGTTAAAATAAGGC
T cell receptor,NFKB2,102396468,-1,TAGGCTGTTCCACGATCACC,AGG,90.0,57.5,,Tcrlibrary_NFKB2_2,TGGAAAGGACGAAACACCGTAGGCTGTTCCACGATCACCGTTTTAGAGCTAGAAATAGCAAGTTAAAATAAGGC
T cell receptor,NFKB2,102396932,1,CGAGGGACCAGCCAAGATCG,AGG,86.8,72.9,,Tcrlibrary_NFKB2_3,TGGAAAGGACGAAACACCGCGAGGGACCAGCCAAGATCGGTTTTAGAGCTAGAAATAGCAAGTTAAAATAAGGC
T cell receptor,RELA,1097,1,CAAGTGCGAGGGGCGCTCCG,CGG,88.1,63.7,,Tcrlibrary_RELA_1,TGGAAAGGACGAAACACCGCAAGTGCGAGGGGCGCTCCGGTTTTAGAGCTAGAAATAGCAAGTTAAAATAAGGC
T cell receptor,RELA,1338,-1,TCCTTTCCTACAAGCTCGTG,GGG,85.1,58.3,,Tcrlibrary_RELA_2,TGGAAAGGACGAAACACCGTCCTTTCCTACAAGCTCGTGGTTTTAGAGCTAGAAATAGCAAGTTAAAATAAGGC
T cell receptor,RELA,1032,-1,GCTCAATGATCTCCACATAG,GGG,73.4,66.2,,Tcrlibrary_RELA_3,TGGAAAGGACGAAACACCGGCTCAATGATCTCCACATAGGTTTTAGAGCTAGAAATAGCAAGTTAAAATAAGGC
T cell receptor,RELB,45011954,1,GATCATCGACGAGTACATCA,AGG,90.3,70.0,,Tcrlibrary_RELB_1,TGGAAAGGACGAAACACCGGATCATCGACGAGTACATCAGTTTTAGAGCTAGAAATAGCAAGTTAAAATAAGGC
T cell receptor,RELB,45012026,1,GCCACGCCTGGTGTCTCGCG,GGG,93.3,59.9,,Tcrlibrary_RELB_2,TGGAAAGGACGAAACACCGGCCACGCCTGGTGTCTCGCGGTTTTAGAGCTAGAAATAGCAAGTTAAAATAAGGC
T cell receptor,RELB,45001640,-1,GGTCTGGCGACGCGGCGACT,CGG,94.2,55.8,,Tcrlibrary_RELB_3,TGGAAAGGACGAAACACCGGGTCTGGCGACGCGGCGACTGTTTTAGAGCTAGAAATAGCAAGTTAAAATAAGGC
T cell receptor,REL,60891765,1,AAATGTGAAGGGCGATCAGC,AGG,88.3,51.5,,Tcrlibrary_REL_1,TGGAAAGGACGAAACACCGAAATGTGAAGGGCGATCAGCGTTTTAGAGCTAGAAATAGCAAGTTAAAATAAGGC
T cell receptor,REL,60894480,1,CCTCATCCTCATGATTTAGT,TGG,72.3,44.8,,Tcrlibrary_REL_2,TGGAAAGGACGAAACACCGCCTCATCCTCATGATTTAGTGTTTTAGAGCTAGAAATAGCAAGTTAAAATAAGGC
T cell receptor,REL,60891718,1,TAGAGATAATTGAACAACCC,AGG,68.9,60.8,,Tcrlibrary_REL_3,TGGAAAGGACGAAACACCGTAGAGATAATTGAACAACCCGTTTTAGAGCTAGAAATAGCAAGTTAAAATAAGGC
T cell receptor,NFATC1,79433641,1,CCCGTATGAGCTTCGGATTG,AGG,96.5,62.6,,Tcrlibrary_NFATC1_1,TGGAAAGGACGAAACACCGCCCGTATGAGCTTCGGATTGGTTTTAGAGCTAGAAATAGCAAGTTAAAATAAGGC
T cell receptor,NFATC1,79433707,-1,TCCTCCGGCCGACGCCTTCA,CGG,92.9,40.3,,Tcrlibrary_NFATC1_2,TGGAAAGGACGAAACACCGTCCTCCGGCCGACGCCTTCAGTTTTAGAGCTAGAAATAGCAAGTTAAAATAAGGC
T cell receptor,NFATC1,79433630,-1,CCTCAATCCGAAGCTCATAC,GGG,89.2,55.6,,Tcrlibrary_NFATC1_3,TGGAAAGGACGAAACACCGCCTCAATCCGAAGCTCATACGTTTTAGAGCTAGAAATAGCAAGTTAAAATAAGGC
T cell receptor,NFATC2,39529,-1,GATCCCACAAGGCGAGTCCG,TGG,95.0,62.7,,Tcrlibrary_NFATC2_1,TGGAAAGGACGAAACACCGGATCCCACAAGGCGAGTCCGGTTTTAGAGCTAGAAATAGCAAGTTAAAATAAGGC
T cell receptor,NFATC2,39244,-1,TCGAGGTGACATTATTGGCG,AGG,89.4,59.7,,Tcrlibrary_NFATC2_2,TGGAAAGGACGAAACACCGTCGAGGTGACATTATTGGCGGTTTTAGAGCTAGAAATAGCAAGTTAAAATAAGGC
T cell receptor,NFATC2,39621,-1,ACGGCCGGGTAGATGTGGCG,AGG,87.4,67.3,,Tcrlibrary_NFATC2_3,TGGAAAGGACGAAACACCGACGGCCGGGTAGATGTGGCGGTTTTAGAGCTAGAAATAGCAAGTTAAAATAAGGC
T cell receptor,NFATC3,68085711,-1,GTTTGAAGTCGAGCTCGTCG,TGG,97.4,63.1,,Tcrlibrary_NFATC3_1,TGGAAAGGACGAAACACCGGTTTGAAGTCGAGCTCGTCGGTTTTAGAGCTAGAAATAGCAAGTTAAAATAAGGC
T cell receptor,NFATC3,68122988,-1,TCTATTGAAGTCTCCCGGGC,TGG,90.5,56.9,,Tcrlibrary_NFATC3_2,TGGAAAGGACGAAACACCGTCTATTGAAGTCTCCCGGGCGTTTTAGAGCTAGAAATAGCAAGTTAAAATAAGGC
T cell receptor,NFATC3,68122356,-1,ACTAAGAGAAGACTCCCGGT,AGG,85.9,70.4,,Tcrlibrary_NFATC3_3,TGGAAAGGACGAAACACCGACTAAGAGAAGACTCCCGGTGTTTTAGAGCTAGAAATAGCAAGTTAAAATAAGGC
T cell receptor,NFAT5,69647462,-1,CAATCTCGTCGTTTGACCCC,CGG,88.8,54.2,,Tcrlibrary_NFAT5_1,TGGAAAGGACGAAACACCGCAATCTCGTCGTTTGACCCCGTTTTAGAGCTAGAAATAGCAAGTTAAAATAAGGC
T cell receptor,NFAT5,69647160,-1,GTTACTTACCCCCACGGCTG,AGG,86.8,59.9,,Tcrlibrary_NFAT5_2,TGGAAAGGACGAAACACCGGTTACTTACCCCCACGGCTGGTTTTAGAGCTAGAAATAGCAAGTTAAAATAAGGC
T cell receptor,NFAT5,69647426,-1,TTTCGTTTTCGTGATTTACG,AGG,81.2,69.0,,Tcrlibrary_NFAT5_3,TGGAAAGGACGAAACACCGTTTCGTTTTCGTGATTTACGGTTTTAGAGCTAGAAATAGCAAGTTAAAATAAGGC
T cell receptor,NR4A1,52054829,1,TCGCCCAGCCAGACTTACGA,AGG,94.1,69.1,,Tcrlibrary_NR4A1_1,TGGAAAGGACGAAACACCGTCGCCCAGCCAGACTTACGAGTTTTAGAGCTAGAAATAGCAAGTTAAAATAAGGC
T cell receptor,NR4A1,52054652,-1,CGGGGTAGCAGCCGTACACC,TGG,92.4,53.8,,Tcrlibrary_NR4A1_2,TGGAAAGGACGAAACACCGCGGGGTAGCAGCCGTACACCGTTTTAGAGCTAGAAATAGCAAGTTAAAATAAGGC
T cell receptor,NR4A1,52054498,-1,TCCTGTGTAGCCGTCCATGA,AGG,85.0,59.7,,Tcrlibrary_NR4A1_3,TGGAAAGGACGAAACACCGTCCTGTGTAGCCGTCCATGAGTTTTAGAGCTAGAAATAGCAAGTTAAAATAAGGC
T cell receptor,RUNX1,1117645,1,ATGAGCGAGGCGTTGCCGCT,GGG,94.3,57.6,,Tcrlibrary_RUNX1_1,TGGAAAGGACGAAACACCGATGAGCGAGGCGTTGCCGCTGTTTTAGAGCTAGAAATAGCAAGTTAAAATAAGGC
T cell receptor,RUNX1,1117581,-1,CGTGAAGCGGCGGCTCGTGC,TGG,94.2,45.8,,Tcrlibrary_RUNX1_2,TGGAAAGGACGAAACACCGCGTGAAGCGGCGGCTCGTGCGTTTTAGAGCTAGAAATAGCAAGTTAAAATAAGGC
T cell receptor,RUNX1,1117736,-1,TCGGTGCGCACCAGCTCGCC,CGG,89.7,41.6,,Tcrlibrary_RUNX1_3,TGGAAAGGACGAAACACCGTCGGTGCGCACCAGCTCGCCGTTTTAGAGCTAGAAATAGCAAGTTAAAATAAGGC
T cell receptor,RUNX2,45422867,-1,CGGTGCGGACGAGTTCGGCC,GGG,96.4,59.0,,Tcrlibrary_RUNX2_1,TGGAAAGGACGAAACACCGCGGTGCGGACGAGTTCGGCCGTTTTAGAGCTAGAAATAGCAAGTTAAAATAAGGC
T cell receptor,RUNX2,45422836,1,GCCCCACGACAACCGCACCA,TGG,89.9,67.7,,Tcrlibrary_RUNX2_2,TGGAAAGGACGAAACACCGGCCCCACGACAACCGCACCAGTTTTAGAGCTAGAAATAGCAAGTTAAAATAAGGC
T cell receptor,RUNX2,45422665,1,AATGAGCGACGTGAGCCCGG,TGG,87.7,72.8,,Tcrlibrary_RUNX2_3,TGGAAAGGACGAAACACCGAATGAGCGACGTGAGCCCGGGTTTTAGAGCTAGAAATAGCAAGTTAAAATAAGGC
T cell receptor,GATA3,8055762,-1,GTACTGCGCCGCGTCCATGT,AGG,96.2,60.4,,Tcrlibrary_GATA3_1,TGGAAAGGACGAAACACCGGTACTGCGCCGCGTCCATGTGTTTTAGAGCTAGAAATAGCAAGTTAAAATAAGGC
T cell receptor,GATA3,8055858,1,CTACTACGGAAACTCGGTCA,GGG,93.6,64.5,,Tcrlibrary_GATA3_2,TGGAAAGGACGAAACACCGCTACTACGGAAACTCGGTCAGTTTTAGAGCTAGAAATAGCAAGTTAAAATAAGGC
T cell receptor,GATA3,8058753,1,TACGTGCCCGAGTACAGCTC,CGG,93.0,62.5,,Tcrlibrary_GATA3_3,TGGAAAGGACGAAACACCGTACGTGCCCGAGTACAGCTCGTTTTAGAGCTAGAAATAGCAAGTTAAAATAAGGC
T cell receptor,BACH2,288194,1,ACGTGACTTTGATCGTGGAG,AGG,90.9,69.6,,Tcrlibrary_BACH2_1,TGGAAAGGACGAAACACCGACGTGACTTTGATCGTGGAGGTTTTAGAGCTAGAAATAGCAAGTTAAAATAAGGC
T cell receptor,BACH2,345123,1,CAGCAGAGAAAACATCCGCG,AGG,84.9,81.0,,Tcrlibrary_BACH2_2,TGGAAAGGACGAAACACCGCAGCAGAGAAAACATCCGCGGTTTTAGAGCTAGAAATAGCAAGTTAAAATAAGGC
T cell receptor,BACH2,345127,-1,CAGCACAGCGGATGACCTCG,CGG,84.4,71.0,,Tcrlibrary_BACH2_3,TGGAAAGGACGAAACACCGCAGCACAGCGGATGACCTCGGTTTTAGAGCTAGAAATAGCAAGTTAAAATAAGGC
T cell receptor,ETS1,98101,1,CAGAAACCCATGTTCGGGAC,TGG,88.5,44.1,,Tcrlibrary_ETS1_1,TGGAAAGGACGAAACACCGCAGAAACCCATGTTCGGGACGTTTTAGAGCTAGAAATAGCAAGTTAAAATAAGGC
T cell receptor,ETS1,98096,-1,CATCACCCAGTCCCGAACAT,GGG,85.6,63.7,,Tcrlibrary_ETS1_2,TGGAAAGGACGAAACACCGCATCACCCAGTCCCGAACATGTTTTAGAGCTAGAAATAGCAAGTTAAAATAAGGC
T cell receptor,ETS1,98076,-1,GGGTTTCTGTCCACTGCCGG,GGG,75.9,67.4,,Tcrlibrary_ETS1_3,TGGAAAGGACGAAACACCGGGGTTTCTGTCCACTGCCGGGTTTTAGAGCTAGAAATAGCAAGTTAAAATAAGGC
Non-targeting control,CTRL00018,N/A,N/A,GGTGATCCTAGTCGACTGGC,N/A,N/A,N/A,10.1126/science.aac7041,CTRL00018,TGGAAAGGACGAAACACCGGGTGATCCTAGTCGACTGGCGTTTTAGAGCTAGAAATAGCAAGTTAAAATAAGGC
Non-targeting control,CTRL00022,N/A,N/A,GCTATTGTCGGCTGGATGGA,N/A,N/A,N/A,10.1126/science.aac7041,CTRL00022,TGGAAAGGACGAAACACCGGCTATTGTCGGCTGGATGGAGTTTTAGAGCTAGAAATAGCAAGTTAAAATAAGGC
Non-targeting control,CTRL00080,N/A,N/A,GCGCATCAATATGCCCGCAC,N/A,N/A,N/A,10.1126/science.aac7041,CTRL00080,TGGAAAGGACGAAACACCGGCGCATCAATATGCCCGCACGTTTTAGAGCTAGAAATAGCAAGTTAAAATAAGGC
Non-targeting control,CTRL00087,N/A,N/A,GAGGTCCCGCCTCCGCCCAA,N/A,N/A,N/A,10.1126/science.aac7041,CTRL00087,TGGAAAGGACGAAACACCGGAGGTCCCGCCTCCGCCCAAGTTTTAGAGCTAGAAATAGCAAGTTAAAATAAGGC
Non-targeting control,CTRL00096,N/A,N/A,GGCTAACGCACGCCGAGGTG,N/A,N/A,N/A,10.1126/science.aac7041,CTRL00096,TGGAAAGGACGAAACACCGGGCTAACGCACGCCGAGGTGGTTTTAGAGCTAGAAATAGCAAGTTAAAATAAGGC
Non-targeting control,CTRL00196,N/A,N/A,GGGCCTTAATAGTTCAACGC,N/A,N/A,N/A,10.1126/science.aac7041,CTRL00196,TGGAAAGGACGAAACACCGGGGCCTTAATAGTTCAACGCGTTTTAGAGCTAGAAATAGCAAGTTAAAATAAGGC
Non-targeting control,CTRL00275,N/A,N/A,GCAGGACGATAGTAACGTCC,N/A,N/A,N/A,10.1126/science.aac7041,CTRL00275,TGGAAAGGACGAAACACCGGCAGGACGATAGTAACGTCCGTTTTAGAGCTAGAAATAGCAAGTTAAAATAAGGC
Non-targeting control,CTRL00320,N/A,N/A,GAGAACGTGATAAGACTCGG,N/A,N/A,N/A,10.1126/science.aac7041,CTRL00320,TGGAAAGGACGAAACACCGGAGAACGTGATAAGACTCGGGTTTTAGAGCTAGAAATAGCAAGTTAAAATAAGGC
Non-targeting control,CTRL00405,N/A,N/A,GGACTGACGTATACGCTTGC,N/A,N/A,N/A,10.1126/science.aac7041,CTRL00405,TGGAAAGGACGAAACACCGGGACTGACGTATACGCTTGCGTTTTAGAGCTAGAAATAGCAAGTTAAAATAAGGC
Non-targeting control,CTRL00484,N/A,N/A,GTGAATACCCGTGACGGACA,N/A,N/A,N/A,10.1126/science.aac7041,CTRL00484,TGGAAAGGACGAAACACCGGTGAATACCCGTGACGGACAGTTTTAGAGCTAGAAATAGCAAGTTAAAATAAGGC
Non-targeting control,CTRL00493,N/A,N/A,GGCAATCGGCACGGCAAGGT,N/A,N/A,N/A,10.1126/science.aac7041,CTRL00493,TGGAAAGGACGAAACACCGGGCAATCGGCACGGCAAGGTGTTTTAGAGCTAGAAATAGCAAGTTAAAATAAGGC
Non-targeting control,CTRL00545,N/A,N/A,GGGCTGTTCTCACTCGTAGC,N/A,N/A,N/A,10.1126/science.aac7041,CTRL00545,TGGAAAGGACGAAACACCGGGGCTGTTCTCACTCGTAGCGTTTTAGAGCTAGAAATAGCAAGTTAAAATAAGGC
Non-targeting control,CTRL00616,N/A,N/A,GGTTAAAGAGATTGTACGCC,N/A,N/A,N/A,10.1126/science.aac7041,CTRL00616,TGGAAAGGACGAAACACCGGGTTAAAGAGATTGTACGCCGTTTTAGAGCTAGAAATAGCAAGTTAAAATAAGGC
Non-targeting control,CTRL00637,N/A,N/A,GGGTTGCACGTAGGATATTC,N/A,N/A,N/A,10.1126/science.aac7041,CTRL00637,TGGAAAGGACGAAACACCGGGGTTGCACGTAGGATATTCGTTTTAGAGCTAGAAATAGCAAGTTAAAATAAGGC
Non-targeting control,CTRL00640,N/A,N/A,GCGTATTGTATCCGCCACCG,N/A,N/A,N/A,10.1126/science.aac7041,CTRL00640,TGGAAAGGACGAAACACCGGCGTATTGTATCCGCCACCGGTTTTAGAGCTAGAAATAGCAAGTTAAAATAAGGC
Non-targeting control,CTRL00673,N/A,N/A,GAGTAAAGCCGATTATATCG,N/A,N/A,N/A,10.1126/science.aac7041,CTRL00673,TGGAAAGGACGAAACACCGGAGTAAAGCCGATTATATCGGTTTTAGAGCTAGAAATAGCAAGTTAAAATAAGGC
Non-targeting control,CTRL00688,N/A,N/A,GACCCTGAACAACCTAGGAT,N/A,N/A,N/A,10.1126/science.aac7041,CTRL00688,TGGAAAGGACGAAACACCGGACCCTGAACAACCTAGGATGTTTTAGAGCTAGAAATAGCAAGTTAAAATAAGGC
Non-targeting control,CTRL00689,N/A,N/A,GGACCGGCACCTTATTATAT,N/A,N/A,N/A,10.1126/science.aac7041,CTRL00689,TGGAAAGGACGAAACACCGGGACCGGCACCTTATTATATGTTTTAGAGCTAGAAATAGCAAGTTAAAATAAGGC
Non-targeting control,CTRL00696,N/A,N/A,GAATGCTGAGTACGGTCTGT,N/A,N/A,N/A,10.1126/science.aac7041,CTRL00696,TGGAAAGGACGAAACACCGGAATGCTGAGTACGGTCTGTGTTTTAGAGCTAGAAATAGCAAGTTAAAATAAGGC
Non-targeting control,CTRL00698,N/A,N/A,GGTCTATGGCCACCCGCTAC,N/A,N/A,N/A,10.1126/science.aac7041,CTRL00698,TGGAAAGGACGAAACACCGGGTCTATGGCCACCCGCTACGTTTTAGAGCTAGAAATAGCAAGTTAAAATAAGGC
Essential gene,MVD,88656188,-1,GGAGTGGCAGATGGGAGAGC,AGG,41.5,54.6,10.1126/science.aac7041,Essential_library_MVD_1,TGGAAAGGACGAAACACCGGGAGTGGCAGATGGGAGAGCGTTTTAGAGCTAGAAATAGCAAGTTAAAATAAGGC
Essential gene,MVD,88657990,-1,CATCAGCAAGGACTTCACCG,AGG,73.5,82.9,10.1126/science.aac7041,Essential_library_MVD_2,TGGAAAGGACGAAACACCGCATCAGCAAGGACTTCACCGGTTTTAGAGCTAGAAATAGCAAGTTAAAATAAGGC
Essential gene,MVD,88656260,-1,GGAGAGTGACCTCTCAGAAG,TGG,35,62,10.1126/science.aac7041,Essential_library_MVD_3,TGGAAAGGACGAAACACCGGGAGAGTGACCTCTCAGAAGGTTTTAGAGCTAGAAATAGCAAGTTAAAATAAGGC
Essential gene,TUBB,30722945,-1,AGGTTCTAGATCCACCAGGA,TGG,47.9,67.9,10.1126/science.aac7041,Essential_library_TUBB_1,TGGAAAGGACGAAACACCGAGGTTCTAGATCCACCAGGAGTTTTAGAGCTAGAAATAGCAAGTTAAAATAAGGC
Essential gene,TUBB,30722620,-1,CATTGTAGTACACAGAGATG,CGG,54.2,72.5,10.1126/science.aac7041,Essential_library_TUBB_2,TGGAAAGGACGAAACACCGCATTGTAGTACACAGAGATGGTTTTAGAGCTAGAAATAGCAAGTTAAAATAAGGC
Essential gene,TUBB,30723746,-1,TCATGGTGGCTGAGACAAGG,TGG,46.8,67.7,10.1126/science.aac7041,Essential_library_TUBB_3,TGGAAAGGACGAAACACCGTCATGGTGGCTGAGACAAGGGTTTTAGAGCTAGAAATAGCAAGTTAAAATAAGGC
Essential gene,DHODH,72014613,1,GTGACTCCAAAACCTCAGGA,AGG,59.1,66.6,10.1126/science.aac7041,Essential_library_DHODH_1,TGGAAAGGACGAAACACCGGTGACTCCAAAACCTCAGGAGTTTTAGAGCTAGAAATAGCAAGTTAAAATAAGGC
Essential gene,DHODH,72023314,1,GAGATGTATGCACTCACCCA,AGG,69.4,62.3,10.1126/science.aac7041,Essential_library_DHODH_2,TGGAAAGGACGAAACACCGGAGATGTATGCACTCACCCAGTTTTAGAGCTAGAAATAGCAAGTTAAAATAAGGC
Essential gene,DHODH,72023508,1,GGGGTTGGTGGTGTGAGCAG,CGG,37.6,48.3,10.1126/science.aac7041,Essential_library_DHODH_3,TGGAAAGGACGAAACACCGGGGGTTGGTGGTGTGAGCAGGTTTTAGAGCTAGAAATAGCAAGTTAAAATAAGGC